-- MySQL dump 10.13  Distrib 5.7.13, for osx10.11 (x86_64)
--
-- Host: localhost    Database: sql_study_development
-- ------------------------------------------------------
-- Server version	5.7.13

/*!40101 SET @OLD_CHARACTER_SET_CLIENT=@@CHARACTER_SET_CLIENT */;
/*!40101 SET @OLD_CHARACTER_SET_RESULTS=@@CHARACTER_SET_RESULTS */;
/*!40101 SET @OLD_COLLATION_CONNECTION=@@COLLATION_CONNECTION */;
/*!40101 SET NAMES utf8 */;
/*!40103 SET @OLD_TIME_ZONE=@@TIME_ZONE */;
/*!40103 SET TIME_ZONE='+00:00' */;
/*!40014 SET @OLD_UNIQUE_CHECKS=@@UNIQUE_CHECKS, UNIQUE_CHECKS=0 */;
/*!40014 SET @OLD_FOREIGN_KEY_CHECKS=@@FOREIGN_KEY_CHECKS, FOREIGN_KEY_CHECKS=0 */;
/*!40101 SET @OLD_SQL_MODE=@@SQL_MODE, SQL_MODE='NO_AUTO_VALUE_ON_ZERO' */;
/*!40111 SET @OLD_SQL_NOTES=@@SQL_NOTES, SQL_NOTES=0 */;

--
-- Table structure for table `clickets`
--

DROP TABLE IF EXISTS `clickets`;
/*!40101 SET @saved_cs_client     = @@character_set_client */;
/*!40101 SET character_set_client = utf8 */;
CREATE TABLE `clickets` (
  `id` int(11) NOT NULL AUTO_INCREMENT,
  `user_id` int(11) DEFAULT NULL,
  `average_mark` float DEFAULT NULL,
  `created_at` datetime NOT NULL,
  `updated_at` datetime NOT NULL,
  PRIMARY KEY (`id`)
) ENGINE=InnoDB AUTO_INCREMENT=12 DEFAULT CHARSET=utf8 COLLATE=utf8_unicode_ci;
/*!40101 SET character_set_client = @saved_cs_client */;

--
-- Dumping data for table `clickets`
--

LOCK TABLES `clickets` WRITE;
/*!40000 ALTER TABLE `clickets` DISABLE KEYS */;
INSERT INTO `clickets` VALUES (1,1,1.3,'2016-09-29 00:00:00','2016-09-29 00:00:00'),(2,1,1.7,'2016-09-29 00:00:00','2016-09-29 00:00:00'),(3,1,2.2,'2016-09-29 00:00:00','2016-09-29 00:00:00'),(4,2,2.1,'2016-09-29 00:00:00','2016-09-29 00:00:00'),(5,2,1.8,'2016-09-29 00:00:00','2016-09-29 00:00:00'),(6,2,1.5,'2016-09-29 00:00:00','2016-09-29 00:00:00'),(7,3,3.3,'2016-09-29 00:00:00','2016-09-29 00:00:00'),(8,3,2.7,'2016-09-29 00:00:00','2016-09-29 00:00:00'),(9,3,3.1,'2016-09-29 00:00:00','2016-09-29 00:00:00'),(10,4,1.1,'2016-09-29 00:00:00','2016-09-29 00:00:00'),(11,4,2.2,'2016-09-29 00:00:00','2016-09-29 00:00:00');
/*!40000 ALTER TABLE `clickets` ENABLE KEYS */;
UNLOCK TABLES;

--
-- Table structure for table `darts`
--

DROP TABLE IF EXISTS `darts`;
/*!40101 SET @saved_cs_client     = @@character_set_client */;
/*!40101 SET character_set_client = utf8 */;
CREATE TABLE `darts` (
  `id` int(11) NOT NULL AUTO_INCREMENT,
  `user_id` int(11) DEFAULT NULL,
  `brand` varchar(255) COLLATE utf8_unicode_ci DEFAULT NULL,
  `name` varchar(255) COLLATE utf8_unicode_ci DEFAULT NULL,
  `created_at` datetime NOT NULL,
  `updated_at` datetime NOT NULL,
  PRIMARY KEY (`id`)
) ENGINE=InnoDB AUTO_INCREMENT=6 DEFAULT CHARSET=utf8 COLLATE=utf8_unicode_ci;
/*!40101 SET character_set_client = @saved_cs_client */;

--
-- Dumping data for table `darts`
--

LOCK TABLES `darts` WRITE;
/*!40000 ALTER TABLE `darts` DISABLE KEYS */;
INSERT INTO `darts` VALUES (1,1,'Unicorn','PURIST','2016-09-29 00:00:00','2016-09-29 00:00:00'),(2,2,'Target',' VAPOR 8','2016-09-29 00:00:00','2016-09-29 00:00:00'),(3,3,'Trinidad','Gomez type6','2016-09-29 00:00:00','2016-09-29 00:00:00'),(4,3,'Trinidad','Gomez type7','2016-09-29 00:00:00','2016-09-29 00:00:00'),(5,5,'Trinidad','Duran type1','2016-09-29 00:00:00','2016-09-29 00:00:00');
/*!40000 ALTER TABLE `darts` ENABLE KEYS */;
UNLOCK TABLES;

--
-- Table structure for table `schema_migrations`
--

DROP TABLE IF EXISTS `schema_migrations`;
/*!40101 SET @saved_cs_client     = @@character_set_client */;
/*!40101 SET character_set_client = utf8 */;
CREATE TABLE `schema_migrations` (
  `version` varchar(255) COLLATE utf8_unicode_ci NOT NULL,
  UNIQUE KEY `unique_schema_migrations` (`version`)
) ENGINE=InnoDB DEFAULT CHARSET=utf8 COLLATE=utf8_unicode_ci;
/*!40101 SET character_set_client = @saved_cs_client */;

--
-- Dumping data for table `schema_migrations`
--

LOCK TABLES `schema_migrations` WRITE;
/*!40000 ALTER TABLE `schema_migrations` DISABLE KEYS */;
INSERT INTO `schema_migrations` VALUES ('20160929093907'),('20160929094029'),('20160929094037'),('20160929094059');
/*!40000 ALTER TABLE `schema_migrations` ENABLE KEYS */;
UNLOCK TABLES;

--
-- Table structure for table `users`
--

DROP TABLE IF EXISTS `users`;
/*!40101 SET @saved_cs_client     = @@character_set_client */;
/*!40101 SET character_set_client = utf8 */;
CREATE TABLE `users` (
  `id` int(11) NOT NULL AUTO_INCREMENT,
  `name` varchar(255) COLLATE utf8_unicode_ci DEFAULT NULL,
  `email` varchar(255) COLLATE utf8_unicode_ci NOT NULL DEFAULT '',
  `encrypted_password` varchar(255) COLLATE utf8_unicode_ci NOT NULL DEFAULT '',
  `sign_in_count` int(11) NOT NULL DEFAULT '0',
  `current_sign_in_at` datetime DEFAULT NULL,
  `last_sign_in_at` datetime DEFAULT NULL,
  `current_sign_in_ip` varchar(255) COLLATE utf8_unicode_ci DEFAULT NULL,
  `last_sign_in_ip` varchar(255) COLLATE utf8_unicode_ci DEFAULT NULL,
  `created_at` datetime NOT NULL,
  `updated_at` datetime NOT NULL,
  PRIMARY KEY (`id`),
  UNIQUE KEY `index_users_on_email` (`email`)
) ENGINE=InnoDB AUTO_INCREMENT=5 DEFAULT CHARSET=utf8 COLLATE=utf8_unicode_ci;
/*!40101 SET character_set_client = @saved_cs_client */;

--
-- Dumping data for table `users`
--

LOCK TABLES `users` WRITE;
/*!40000 ALTER TABLE `users` DISABLE KEYS */;
INSERT INTO `users` VALUES (1,'Kasuga','kasuga@example.com','$2a$11$ODCGaG6WjaLLVAYOc0c2teNSrsi7NDYYSE.nJ4AnOqTHXlQ1/G9XC',0,NULL,NULL,NULL,NULL,'2016-09-29 18:49:31','2016-09-29 18:49:31'),(2,'Nishiyama','nishiyama@example.com','$2a$11$ODCGaG6WjaLLVAYOc0c2teNSrsi7NDYYSE.nJ4AnOqTHXlQ1/G9XC',0,NULL,NULL,NULL,NULL,'2016-09-29 18:53:28','2016-09-29 18:53:28'),(3,'Sugiyama','sugiyama@example.com','$2a$11$ODCGaG6WjaLLVAYOc0c2teNSrsi7NDYYSE.nJ4AnOqTHXlQ1/G9XC',0,NULL,NULL,NULL,NULL,'2016-09-29 18:53:28','2016-09-29 18:53:28'),(4,'Kataoka','kataoka@example.com','$2a$11$ODCGaG6WjaLLVAYOc0c2teNSrsi7NDYYSE.nJ4AnOqTHXlQ1/G9XC',0,NULL,NULL,NULL,NULL,'2016-09-29 18:53:28','2016-09-29 18:53:28');
/*!40000 ALTER TABLE `users` ENABLE KEYS */;
UNLOCK TABLES;

--
-- Table structure for table `zero_ones`
--

DROP TABLE IF EXISTS `zero_ones`;
/*!40101 SET @saved_cs_client     = @@character_set_client */;
/*!40101 SET character_set_client = utf8 */;
CREATE TABLE `zero_ones` (
  `id` int(11) NOT NULL AUTO_INCREMENT,
  `user_id` int(11) DEFAULT NULL,
  `average_point` float DEFAULT NULL,
  `created_at` datetime NOT NULL,
  `updated_at` datetime NOT NULL,
  PRIMARY KEY (`id`)
) ENGINE=InnoDB AUTO_INCREMENT=10 DEFAULT CHARSET=utf8 COLLATE=utf8_unicode_ci;
/*!40101 SET character_set_client = @saved_cs_client */;

--
-- Dumping data for table `zero_ones`
--

LOCK TABLES `zero_ones` WRITE;
/*!40000 ALTER TABLE `zero_ones` DISABLE KEYS */;
INSERT INTO `zero_ones` VALUES (1,1,45.21,'2016-09-29 00:00:00','2016-09-29 00:00:00'),(2,1,52.05,'2016-09-29 00:00:00','2016-09-29 00:00:00'),(3,2,47.93,'2016-09-29 00:00:00','2016-09-29 00:00:00'),(4,2,54.21,'2016-09-29 00:00:00','2016-09-29 00:00:00'),(5,3,43.21,'2016-09-29 00:00:00','2016-09-29 00:00:00'),(6,3,89.32,'2016-09-29 00:00:00','2016-09-29 00:00:00'),(7,3,108.93,'2016-09-29 00:00:00','2016-09-29 00:00:00'),(8,4,45.01,'2016-09-29 00:00:00','2016-09-29 00:00:00'),(9,4,55.01,'2016-09-29 00:00:00','2016-09-29 00:00:00');
/*!40000 ALTER TABLE `zero_ones` ENABLE KEYS */;
UNLOCK TABLES;
/*!40103 SET TIME_ZONE=@OLD_TIME_ZONE */;

/*!40101 SET SQL_MODE=@OLD_SQL_MODE */;
/*!40014 SET FOREIGN_KEY_CHECKS=@OLD_FOREIGN_KEY_CHECKS */;
/*!40014 SET UNIQUE_CHECKS=@OLD_UNIQUE_CHECKS */;
/*!40101 SET CHARACTER_SET_CLIENT=@OLD_CHARACTER_SET_CLIENT */;
/*!40101 SET CHARACTER_SET_RESULTS=@OLD_CHARACTER_SET_RESULTS */;
/*!40101 SET COLLATION_CONNECTION=@OLD_COLLATION_CONNECTION */;
/*!40111 SET SQL_NOTES=@OLD_SQL_NOTES */;

-- Dump completed on 2016-09-29 19:05:41
